-- --------------------------------------------------------
-- Host:                         127.0.0.1
-- Server version:               8.0.30 - MySQL Community Server - GPL
-- Server OS:                    Win64
-- HeidiSQL Version:             12.1.0.6537
-- --------------------------------------------------------

/*!40101 SET @OLD_CHARACTER_SET_CLIENT=@@CHARACTER_SET_CLIENT */;
/*!40101 SET NAMES utf8 */;
/*!50503 SET NAMES utf8mb4 */;
/*!40103 SET @OLD_TIME_ZONE=@@TIME_ZONE */;
/*!40103 SET TIME_ZONE='+00:00' */;
/*!40014 SET @OLD_FOREIGN_KEY_CHECKS=@@FOREIGN_KEY_CHECKS, FOREIGN_KEY_CHECKS=0 */;
/*!40101 SET @OLD_SQL_MODE=@@SQL_MODE, SQL_MODE='NO_AUTO_VALUE_ON_ZERO' */;
/*!40111 SET @OLD_SQL_NOTES=@@SQL_NOTES, SQL_NOTES=0 */;

-- Dumping structure for table fullsatu_league.matches
CREATE TABLE IF NOT EXISTS `matches` (
  `id` int NOT NULL AUTO_INCREMENT,
  `season_id` int NOT NULL,
  `round_number` int NOT NULL,
  `leg_number` int NOT NULL DEFAULT '1',
  `player1_id` int NOT NULL,
  `player2_id` int NOT NULL,
  `player1_score` int DEFAULT NULL,
  `player2_score` int DEFAULT NULL,
  `winner_id` int DEFAULT NULL,
  `status` enum('scheduled','completed') COLLATE utf8mb4_general_ci NOT NULL DEFAULT 'scheduled',
  `scheduled_at` datetime DEFAULT NULL,
  `created_at` timestamp NULL DEFAULT CURRENT_TIMESTAMP,
  PRIMARY KEY (`id`),
  KEY `season_id` (`season_id`),
  KEY `player1_id` (`player1_id`),
  KEY `player2_id` (`player2_id`),
  KEY `winner_id` (`winner_id`),
  CONSTRAINT `matches_ibfk_1` FOREIGN KEY (`season_id`) REFERENCES `seasons` (`id`) ON DELETE CASCADE,
  CONSTRAINT `matches_ibfk_2` FOREIGN KEY (`player1_id`) REFERENCES `players` (`id`),
  CONSTRAINT `matches_ibfk_3` FOREIGN KEY (`player2_id`) REFERENCES `players` (`id`),
  CONSTRAINT `matches_ibfk_4` FOREIGN KEY (`winner_id`) REFERENCES `players` (`id`)
) ENGINE=InnoDB AUTO_INCREMENT=172 DEFAULT CHARSET=utf8mb4 COLLATE=utf8mb4_general_ci;

-- Dumping data for table fullsatu_league.matches: ~0 rows (approximately)
REPLACE INTO `matches` (`id`, `season_id`, `round_number`, `leg_number`, `player1_id`, `player2_id`, `player1_score`, `player2_score`, `winner_id`, `status`, `scheduled_at`, `created_at`) VALUES
	(1, 1, 1, 1, 2, 17, NULL, NULL, NULL, 'scheduled', NULL, '2026-05-07 08:54:41'),
	(2, 1, 1, 1, 3, 16, NULL, NULL, NULL, 'scheduled', NULL, '2026-05-07 08:54:41'),
	(3, 1, 1, 1, 4, 1, NULL, NULL, NULL, 'scheduled', NULL, '2026-05-07 08:54:41'),
	(4, 1, 1, 1, 5, 15, NULL, NULL, NULL, 'scheduled', NULL, '2026-05-07 08:54:41'),
	(5, 1, 1, 1, 6, 14, NULL, NULL, NULL, 'scheduled', NULL, '2026-05-07 08:54:41'),
	(6, 1, 1, 1, 7, 13, NULL, NULL, NULL, 'scheduled', NULL, '2026-05-07 08:54:41'),
	(7, 1, 1, 1, 8, 19, NULL, NULL, NULL, 'scheduled', NULL, '2026-05-07 08:54:41'),
	(8, 1, 1, 1, 9, 12, NULL, NULL, NULL, 'scheduled', NULL, '2026-05-07 08:54:41'),
	(9, 1, 1, 1, 10, 11, NULL, NULL, NULL, 'scheduled', NULL, '2026-05-07 08:54:41'),
	(10, 1, 2, 1, 18, 17, NULL, NULL, NULL, 'scheduled', NULL, '2026-05-07 08:54:41'),
	(11, 1, 2, 1, 2, 1, NULL, NULL, NULL, 'scheduled', NULL, '2026-05-07 08:54:41'),
	(12, 1, 2, 1, 3, 15, NULL, NULL, NULL, 'scheduled', NULL, '2026-05-07 08:54:41'),
	(13, 1, 2, 1, 4, 14, NULL, NULL, NULL, 'scheduled', NULL, '2026-05-07 08:54:41'),
	(14, 1, 2, 1, 5, 13, NULL, NULL, NULL, 'scheduled', NULL, '2026-05-07 08:54:41'),
	(15, 1, 2, 1, 6, 19, NULL, NULL, NULL, 'scheduled', NULL, '2026-05-07 08:54:41'),
	(16, 1, 2, 1, 7, 12, NULL, NULL, NULL, 'scheduled', NULL, '2026-05-07 08:54:41'),
	(17, 1, 2, 1, 8, 11, NULL, NULL, NULL, 'scheduled', NULL, '2026-05-07 08:54:41'),
	(18, 1, 2, 1, 9, 10, NULL, NULL, NULL, 'scheduled', NULL, '2026-05-07 08:54:41'),
	(19, 1, 3, 1, 18, 16, NULL, NULL, NULL, 'scheduled', NULL, '2026-05-07 08:54:41'),
	(20, 1, 3, 1, 17, 1, NULL, NULL, NULL, 'scheduled', NULL, '2026-05-07 08:54:41'),
	(21, 1, 3, 1, 2, 14, NULL, NULL, NULL, 'scheduled', NULL, '2026-05-07 08:54:41'),
	(22, 1, 3, 1, 3, 13, NULL, NULL, NULL, 'scheduled', NULL, '2026-05-07 08:54:41'),
	(23, 1, 3, 1, 4, 19, NULL, NULL, NULL, 'scheduled', NULL, '2026-05-07 08:54:41'),
	(24, 1, 3, 1, 5, 12, NULL, NULL, NULL, 'scheduled', NULL, '2026-05-07 08:54:41'),
	(25, 1, 3, 1, 6, 11, NULL, NULL, NULL, 'scheduled', NULL, '2026-05-07 08:54:41'),
	(26, 1, 3, 1, 7, 10, NULL, NULL, NULL, 'scheduled', NULL, '2026-05-07 08:54:41'),
	(27, 1, 3, 1, 8, 9, NULL, NULL, NULL, 'scheduled', NULL, '2026-05-07 08:54:41'),
	(28, 1, 4, 1, 18, 1, 2, 11, 1, 'completed', NULL, '2026-05-07 08:54:41'),
	(29, 1, 4, 1, 16, 15, NULL, NULL, NULL, 'scheduled', NULL, '2026-05-07 08:54:41'),
	(30, 1, 4, 1, 17, 14, NULL, NULL, NULL, 'scheduled', NULL, '2026-05-07 08:54:41'),
	(31, 1, 4, 1, 2, 19, NULL, NULL, NULL, 'scheduled', NULL, '2026-05-07 08:54:41'),
	(32, 1, 4, 1, 3, 12, NULL, NULL, NULL, 'scheduled', NULL, '2026-05-07 08:54:41'),
	(33, 1, 4, 1, 4, 11, NULL, NULL, NULL, 'scheduled', NULL, '2026-05-07 08:54:41'),
	(34, 1, 4, 1, 5, 10, NULL, NULL, NULL, 'scheduled', NULL, '2026-05-07 08:54:41'),
	(35, 1, 4, 1, 6, 9, NULL, NULL, NULL, 'scheduled', NULL, '2026-05-07 08:54:41'),
	(36, 1, 4, 1, 7, 8, NULL, NULL, NULL, 'scheduled', NULL, '2026-05-07 08:54:41'),
	(37, 1, 5, 1, 18, 15, NULL, NULL, NULL, 'scheduled', NULL, '2026-05-07 08:54:41'),
	(38, 1, 5, 1, 1, 14, NULL, NULL, NULL, 'scheduled', NULL, '2026-05-07 08:54:41'),
	(39, 1, 5, 1, 16, 13, NULL, NULL, NULL, 'scheduled', NULL, '2026-05-07 08:54:41'),
	(40, 1, 5, 1, 17, 19, NULL, NULL, NULL, 'scheduled', NULL, '2026-05-07 08:54:41'),
	(41, 1, 5, 1, 2, 11, NULL, NULL, NULL, 'scheduled', NULL, '2026-05-07 08:54:41'),
	(42, 1, 5, 1, 3, 10, NULL, NULL, NULL, 'scheduled', NULL, '2026-05-07 08:54:41'),
	(43, 1, 5, 1, 4, 9, NULL, NULL, NULL, 'scheduled', NULL, '2026-05-07 08:54:41'),
	(44, 1, 5, 1, 5, 8, NULL, NULL, NULL, 'scheduled', NULL, '2026-05-07 08:54:41'),
	(45, 1, 5, 1, 6, 7, NULL, NULL, NULL, 'scheduled', NULL, '2026-05-07 08:54:41'),
	(46, 1, 6, 1, 18, 14, NULL, NULL, NULL, 'scheduled', NULL, '2026-05-07 08:54:41'),
	(47, 1, 6, 1, 15, 13, NULL, NULL, NULL, 'scheduled', NULL, '2026-05-07 08:54:41'),
	(48, 1, 6, 1, 1, 19, NULL, NULL, NULL, 'scheduled', NULL, '2026-05-07 08:54:41'),
	(49, 1, 6, 1, 16, 12, NULL, NULL, NULL, 'scheduled', NULL, '2026-05-07 08:54:41'),
	(50, 1, 6, 1, 17, 11, NULL, NULL, NULL, 'scheduled', NULL, '2026-05-07 08:54:41'),
	(51, 1, 6, 1, 2, 9, NULL, NULL, NULL, 'scheduled', NULL, '2026-05-07 08:54:41'),
	(52, 1, 6, 1, 3, 8, NULL, NULL, NULL, 'scheduled', NULL, '2026-05-07 08:54:41'),
	(53, 1, 6, 1, 4, 7, NULL, NULL, NULL, 'scheduled', NULL, '2026-05-07 08:54:41'),
	(54, 1, 6, 1, 5, 6, NULL, NULL, NULL, 'scheduled', NULL, '2026-05-07 08:54:41'),
	(55, 1, 7, 1, 18, 13, NULL, NULL, NULL, 'scheduled', NULL, '2026-05-07 08:54:41'),
	(56, 1, 7, 1, 14, 19, NULL, NULL, NULL, 'scheduled', NULL, '2026-05-07 08:54:41'),
	(57, 1, 7, 1, 15, 12, NULL, NULL, NULL, 'scheduled', NULL, '2026-05-07 08:54:41'),
	(58, 1, 7, 1, 1, 11, NULL, NULL, NULL, 'scheduled', NULL, '2026-05-07 08:54:41'),
	(59, 1, 7, 1, 16, 10, NULL, NULL, NULL, 'scheduled', NULL, '2026-05-07 08:54:41'),
	(60, 1, 7, 1, 17, 9, NULL, NULL, NULL, 'scheduled', NULL, '2026-05-07 08:54:41'),
	(61, 1, 7, 1, 2, 7, NULL, NULL, NULL, 'scheduled', NULL, '2026-05-07 08:54:41'),
	(62, 1, 7, 1, 3, 6, NULL, NULL, NULL, 'scheduled', NULL, '2026-05-07 08:54:41'),
	(63, 1, 7, 1, 4, 5, NULL, NULL, NULL, 'scheduled', NULL, '2026-05-07 08:54:41'),
	(64, 1, 8, 1, 18, 19, NULL, NULL, NULL, 'scheduled', NULL, '2026-05-07 08:54:41'),
	(65, 1, 8, 1, 13, 12, NULL, NULL, NULL, 'scheduled', NULL, '2026-05-07 08:54:41'),
	(66, 1, 8, 1, 14, 11, NULL, NULL, NULL, 'scheduled', NULL, '2026-05-07 08:54:41'),
	(67, 1, 8, 1, 15, 10, NULL, NULL, NULL, 'scheduled', NULL, '2026-05-07 08:54:41'),
	(68, 1, 8, 1, 1, 9, NULL, NULL, NULL, 'scheduled', NULL, '2026-05-07 08:54:41'),
	(69, 1, 8, 1, 16, 8, NULL, NULL, NULL, 'scheduled', NULL, '2026-05-07 08:54:41'),
	(70, 1, 8, 1, 17, 7, NULL, NULL, NULL, 'scheduled', NULL, '2026-05-07 08:54:41'),
	(71, 1, 8, 1, 2, 5, NULL, NULL, NULL, 'scheduled', NULL, '2026-05-07 08:54:41'),
	(72, 1, 8, 1, 3, 4, NULL, NULL, NULL, 'scheduled', NULL, '2026-05-07 08:54:41'),
	(73, 1, 9, 1, 18, 12, NULL, NULL, NULL, 'scheduled', NULL, '2026-05-07 08:54:41'),
	(74, 1, 9, 1, 19, 11, NULL, NULL, NULL, 'scheduled', NULL, '2026-05-07 08:54:41'),
	(75, 1, 9, 1, 13, 10, NULL, NULL, NULL, 'scheduled', NULL, '2026-05-07 08:54:41'),
	(76, 1, 9, 1, 14, 9, NULL, NULL, NULL, 'scheduled', NULL, '2026-05-07 08:54:41'),
	(77, 1, 9, 1, 15, 8, NULL, NULL, NULL, 'scheduled', NULL, '2026-05-07 08:54:41'),
	(78, 1, 9, 1, 1, 7, NULL, NULL, NULL, 'scheduled', NULL, '2026-05-07 08:54:41'),
	(79, 1, 9, 1, 16, 6, NULL, NULL, NULL, 'scheduled', NULL, '2026-05-07 08:54:41'),
	(80, 1, 9, 1, 17, 5, NULL, NULL, NULL, 'scheduled', NULL, '2026-05-07 08:54:41'),
	(81, 1, 9, 1, 2, 3, NULL, NULL, NULL, 'scheduled', NULL, '2026-05-07 08:54:41'),
	(82, 1, 10, 1, 18, 11, NULL, NULL, NULL, 'scheduled', NULL, '2026-05-07 08:54:41'),
	(83, 1, 10, 1, 12, 10, NULL, NULL, NULL, 'scheduled', NULL, '2026-05-07 08:54:41'),
	(84, 1, 10, 1, 19, 9, NULL, NULL, NULL, 'scheduled', NULL, '2026-05-07 08:54:41'),
	(85, 1, 10, 1, 13, 8, NULL, NULL, NULL, 'scheduled', NULL, '2026-05-07 08:54:41'),
	(86, 1, 10, 1, 14, 7, NULL, NULL, NULL, 'scheduled', NULL, '2026-05-07 08:54:41'),
	(87, 1, 10, 1, 15, 6, NULL, NULL, NULL, 'scheduled', NULL, '2026-05-07 08:54:41'),
	(88, 1, 10, 1, 1, 5, NULL, NULL, NULL, 'scheduled', NULL, '2026-05-07 08:54:41'),
	(89, 1, 10, 1, 16, 4, NULL, NULL, NULL, 'scheduled', NULL, '2026-05-07 08:54:41'),
	(90, 1, 10, 1, 17, 3, NULL, NULL, NULL, 'scheduled', NULL, '2026-05-07 08:54:41'),
	(91, 1, 11, 1, 18, 10, NULL, NULL, NULL, 'scheduled', NULL, '2026-05-07 08:54:41'),
	(92, 1, 11, 1, 11, 9, NULL, NULL, NULL, 'scheduled', NULL, '2026-05-07 08:54:41'),
	(93, 1, 11, 1, 12, 8, NULL, NULL, NULL, 'scheduled', NULL, '2026-05-07 08:54:41'),
	(94, 1, 11, 1, 19, 7, NULL, NULL, NULL, 'scheduled', NULL, '2026-05-07 08:54:41'),
	(95, 1, 11, 1, 13, 6, NULL, NULL, NULL, 'scheduled', NULL, '2026-05-07 08:54:41'),
	(96, 1, 11, 1, 14, 5, NULL, NULL, NULL, 'scheduled', NULL, '2026-05-07 08:54:41'),
	(97, 1, 11, 1, 15, 4, NULL, NULL, NULL, 'scheduled', NULL, '2026-05-07 08:54:41'),
	(98, 1, 11, 1, 1, 3, NULL, NULL, NULL, 'scheduled', NULL, '2026-05-07 08:54:41'),
	(99, 1, 11, 1, 16, 2, NULL, NULL, NULL, 'scheduled', NULL, '2026-05-07 08:54:41'),
	(100, 1, 12, 1, 18, 9, NULL, NULL, NULL, 'scheduled', NULL, '2026-05-07 08:54:41'),
	(101, 1, 12, 1, 10, 8, NULL, NULL, NULL, 'scheduled', NULL, '2026-05-07 08:54:41'),
	(102, 1, 12, 1, 11, 7, NULL, NULL, NULL, 'scheduled', NULL, '2026-05-07 08:54:41'),
	(103, 1, 12, 1, 12, 6, NULL, NULL, NULL, 'scheduled', NULL, '2026-05-07 08:54:41'),
	(104, 1, 12, 1, 19, 5, NULL, NULL, NULL, 'scheduled', NULL, '2026-05-07 08:54:41'),
	(105, 1, 12, 1, 13, 4, NULL, NULL, NULL, 'scheduled', NULL, '2026-05-07 08:54:41'),
	(106, 1, 12, 1, 14, 3, NULL, NULL, NULL, 'scheduled', NULL, '2026-05-07 08:54:41'),
	(107, 1, 12, 1, 15, 2, NULL, NULL, NULL, 'scheduled', NULL, '2026-05-07 08:54:41'),
	(108, 1, 12, 1, 16, 17, NULL, NULL, NULL, 'scheduled', NULL, '2026-05-07 08:54:41'),
	(109, 1, 13, 1, 18, 8, NULL, NULL, NULL, 'scheduled', NULL, '2026-05-07 08:54:41'),
	(110, 1, 13, 1, 9, 7, NULL, NULL, NULL, 'scheduled', NULL, '2026-05-07 08:54:41'),
	(111, 1, 13, 1, 10, 6, NULL, NULL, NULL, 'scheduled', NULL, '2026-05-07 08:54:41'),
	(112, 1, 13, 1, 11, 5, NULL, NULL, NULL, 'scheduled', NULL, '2026-05-07 08:54:41'),
	(113, 1, 13, 1, 12, 4, NULL, NULL, NULL, 'scheduled', NULL, '2026-05-07 08:54:41'),
	(114, 1, 13, 1, 19, 3, NULL, NULL, NULL, 'scheduled', NULL, '2026-05-07 08:54:41'),
	(115, 1, 13, 1, 13, 2, NULL, NULL, NULL, 'scheduled', NULL, '2026-05-07 08:54:41'),
	(116, 1, 13, 1, 15, 17, NULL, NULL, NULL, 'scheduled', NULL, '2026-05-07 08:54:41'),
	(117, 1, 13, 1, 1, 16, NULL, NULL, NULL, 'scheduled', NULL, '2026-05-07 08:54:41'),
	(118, 1, 14, 1, 18, 7, NULL, NULL, NULL, 'scheduled', NULL, '2026-05-07 08:54:41'),
	(119, 1, 14, 1, 8, 6, NULL, NULL, NULL, 'scheduled', NULL, '2026-05-07 08:54:41'),
	(120, 1, 14, 1, 9, 5, NULL, NULL, NULL, 'scheduled', NULL, '2026-05-07 08:54:41'),
	(121, 1, 14, 1, 10, 4, NULL, NULL, NULL, 'scheduled', NULL, '2026-05-07 08:54:41'),
	(122, 1, 14, 1, 11, 3, NULL, NULL, NULL, 'scheduled', NULL, '2026-05-07 08:54:41'),
	(123, 1, 14, 1, 12, 2, NULL, NULL, NULL, 'scheduled', NULL, '2026-05-07 08:54:41'),
	(124, 1, 14, 1, 13, 17, NULL, NULL, NULL, 'scheduled', NULL, '2026-05-07 08:54:41'),
	(125, 1, 14, 1, 14, 16, NULL, NULL, NULL, 'scheduled', NULL, '2026-05-07 08:54:41'),
	(126, 1, 14, 1, 15, 1, NULL, NULL, NULL, 'scheduled', NULL, '2026-05-07 08:54:41'),
	(127, 1, 15, 1, 18, 6, NULL, NULL, NULL, 'scheduled', NULL, '2026-05-07 08:54:41'),
	(128, 1, 15, 1, 7, 5, NULL, NULL, NULL, 'scheduled', NULL, '2026-05-07 08:54:41'),
	(129, 1, 15, 1, 8, 4, NULL, NULL, NULL, 'scheduled', NULL, '2026-05-07 08:54:41'),
	(130, 1, 15, 1, 9, 3, NULL, NULL, NULL, 'scheduled', NULL, '2026-05-07 08:54:41'),
	(131, 1, 15, 1, 10, 2, NULL, NULL, NULL, 'scheduled', NULL, '2026-05-07 08:54:41'),
	(132, 1, 15, 1, 12, 17, NULL, NULL, NULL, 'scheduled', NULL, '2026-05-07 08:54:41'),
	(133, 1, 15, 1, 19, 16, NULL, NULL, NULL, 'scheduled', NULL, '2026-05-07 08:54:41'),
	(134, 1, 15, 1, 13, 1, NULL, NULL, NULL, 'scheduled', NULL, '2026-05-07 08:54:41'),
	(135, 1, 15, 1, 14, 15, NULL, NULL, NULL, 'scheduled', NULL, '2026-05-07 08:54:41'),
	(136, 1, 16, 1, 18, 5, NULL, NULL, NULL, 'scheduled', NULL, '2026-05-07 08:54:41'),
	(137, 1, 16, 1, 6, 4, NULL, NULL, NULL, 'scheduled', NULL, '2026-05-07 08:54:41'),
	(138, 1, 16, 1, 7, 3, NULL, NULL, NULL, 'scheduled', NULL, '2026-05-07 08:54:41'),
	(139, 1, 16, 1, 8, 2, NULL, NULL, NULL, 'scheduled', NULL, '2026-05-07 08:54:41'),
	(140, 1, 16, 1, 10, 17, NULL, NULL, NULL, 'scheduled', NULL, '2026-05-07 08:54:41'),
	(141, 1, 16, 1, 11, 16, NULL, NULL, NULL, 'scheduled', NULL, '2026-05-07 08:54:41'),
	(142, 1, 16, 1, 12, 1, NULL, NULL, NULL, 'scheduled', NULL, '2026-05-07 08:54:41'),
	(143, 1, 16, 1, 19, 15, NULL, NULL, NULL, 'scheduled', NULL, '2026-05-07 08:54:41'),
	(144, 1, 16, 1, 13, 14, NULL, NULL, NULL, 'scheduled', NULL, '2026-05-07 08:54:41'),
	(145, 1, 17, 1, 18, 4, NULL, NULL, NULL, 'scheduled', NULL, '2026-05-07 08:54:41'),
	(146, 1, 17, 1, 5, 3, NULL, NULL, NULL, 'scheduled', NULL, '2026-05-07 08:54:41'),
	(147, 1, 17, 1, 6, 2, NULL, NULL, NULL, 'scheduled', NULL, '2026-05-07 08:54:41'),
	(148, 1, 17, 1, 8, 17, NULL, NULL, NULL, 'scheduled', NULL, '2026-05-07 08:54:41'),
	(149, 1, 17, 1, 9, 16, NULL, NULL, NULL, 'scheduled', NULL, '2026-05-07 08:54:41'),
	(150, 1, 17, 1, 10, 1, NULL, NULL, NULL, 'scheduled', NULL, '2026-05-07 08:54:41'),
	(151, 1, 17, 1, 11, 15, NULL, NULL, NULL, 'scheduled', NULL, '2026-05-07 08:54:41'),
	(152, 1, 17, 1, 12, 14, NULL, NULL, NULL, 'scheduled', NULL, '2026-05-07 08:54:41'),
	(153, 1, 17, 1, 19, 13, NULL, NULL, NULL, 'scheduled', NULL, '2026-05-07 08:54:41'),
	(154, 1, 18, 1, 18, 3, NULL, NULL, NULL, 'scheduled', NULL, '2026-05-07 08:54:41'),
	(155, 1, 18, 1, 4, 2, NULL, NULL, NULL, 'scheduled', NULL, '2026-05-07 08:54:41'),
	(156, 1, 18, 1, 6, 17, NULL, NULL, NULL, 'scheduled', NULL, '2026-05-07 08:54:41'),
	(157, 1, 18, 1, 7, 16, NULL, NULL, NULL, 'scheduled', NULL, '2026-05-07 08:54:41'),
	(158, 1, 18, 1, 8, 1, NULL, NULL, NULL, 'scheduled', NULL, '2026-05-07 08:54:41'),
	(159, 1, 18, 1, 9, 15, NULL, NULL, NULL, 'scheduled', NULL, '2026-05-07 08:54:41'),
	(160, 1, 18, 1, 10, 14, NULL, NULL, NULL, 'scheduled', NULL, '2026-05-07 08:54:41'),
	(161, 1, 18, 1, 11, 13, NULL, NULL, NULL, 'scheduled', NULL, '2026-05-07 08:54:41'),
	(162, 1, 18, 1, 12, 19, NULL, NULL, NULL, 'scheduled', NULL, '2026-05-07 08:54:41'),
	(163, 1, 19, 1, 18, 2, NULL, NULL, NULL, 'scheduled', NULL, '2026-05-07 08:54:41'),
	(164, 1, 19, 1, 4, 17, NULL, NULL, NULL, 'scheduled', NULL, '2026-05-07 08:54:41'),
	(165, 1, 19, 1, 5, 16, NULL, NULL, NULL, 'scheduled', NULL, '2026-05-07 08:54:41'),
	(166, 1, 19, 1, 6, 1, NULL, NULL, NULL, 'scheduled', NULL, '2026-05-07 08:54:41'),
	(167, 1, 19, 1, 7, 15, NULL, NULL, NULL, 'scheduled', NULL, '2026-05-07 08:54:41'),
	(168, 1, 19, 1, 8, 14, NULL, NULL, NULL, 'scheduled', NULL, '2026-05-07 08:54:41'),
	(169, 1, 19, 1, 9, 13, NULL, NULL, NULL, 'scheduled', NULL, '2026-05-07 08:54:41'),
	(170, 1, 19, 1, 10, 19, NULL, NULL, NULL, 'scheduled', NULL, '2026-05-07 08:54:41'),
	(171, 1, 19, 1, 11, 12, NULL, NULL, NULL, 'scheduled', NULL, '2026-05-07 08:54:41');

-- Dumping structure for table fullsatu_league.players
CREATE TABLE IF NOT EXISTS `players` (
  `id` int NOT NULL AUTO_INCREMENT,
  `name` varchar(100) COLLATE utf8mb4_general_ci NOT NULL,
  `created_at` timestamp NULL DEFAULT CURRENT_TIMESTAMP,
  `photo` varchar(255) COLLATE utf8mb4_general_ci DEFAULT NULL,
  PRIMARY KEY (`id`)
) ENGINE=InnoDB AUTO_INCREMENT=20 DEFAULT CHARSET=utf8mb4 COLLATE=utf8mb4_general_ci;

-- Dumping data for table fullsatu_league.players: ~19 rows (approximately)
REPLACE INTO `players` (`id`, `name`, `created_at`, `photo`) VALUES
	(1, 'Opick', '2026-05-07 07:21:54', NULL),
	(2, 'Ade', '2026-05-07 07:21:54', NULL),
	(3, 'Ahmad', '2026-05-07 07:21:54', NULL),
	(4, 'Alam', '2026-05-07 07:21:54', NULL),
	(5, 'Anto', '2026-05-07 07:21:54', NULL),
	(6, 'Appank', '2026-05-07 07:21:54', NULL),
	(7, 'Badu', '2026-05-07 07:21:54', NULL),
	(8, 'Bakri', '2026-05-07 07:21:54', NULL),
	(9, 'Brewok', '2026-05-07 07:21:54', NULL),
	(10, 'Erwin', '2026-05-07 07:21:54', NULL),
	(11, 'Fahyu', '2026-05-07 07:21:54', NULL),
	(12, 'Farid', '2026-05-07 07:21:54', NULL),
	(13, 'Ilham', '2026-05-07 07:21:54', NULL),
	(14, 'Ippank', '2026-05-07 07:21:54', '9b6ae9df4ea8df5bd96fa9819c5cf337.png'),
	(15, 'Nursam', '2026-05-07 07:21:54', NULL),
	(16, 'Padi', '2026-05-07 07:21:54', NULL),
	(17, 'Rafli', '2026-05-07 07:21:54', NULL),
	(18, 'Accank', '2026-05-07 07:21:54', NULL),
	(19, 'Harfan', '2026-05-07 07:21:54', NULL);

-- Dumping structure for table fullsatu_league.seasons
CREATE TABLE IF NOT EXISTS `seasons` (
  `id` int NOT NULL AUTO_INCREMENT,
  `name` varchar(100) COLLATE utf8mb4_general_ci NOT NULL,
  `league_type` enum('half','full') COLLATE utf8mb4_general_ci NOT NULL DEFAULT 'half',
  `status` enum('draft','active','completed') COLLATE utf8mb4_general_ci NOT NULL DEFAULT 'draft',
  `created_at` timestamp NULL DEFAULT CURRENT_TIMESTAMP,
  PRIMARY KEY (`id`)
) ENGINE=InnoDB AUTO_INCREMENT=2 DEFAULT CHARSET=utf8mb4 COLLATE=utf8mb4_general_ci;

-- Dumping data for table fullsatu_league.seasons: ~0 rows (approximately)
REPLACE INTO `seasons` (`id`, `name`, `league_type`, `status`, `created_at`) VALUES
	(1, '2026', 'half', 'active', '2026-05-07 07:21:54');

-- Dumping structure for table fullsatu_league.season_players
CREATE TABLE IF NOT EXISTS `season_players` (
  `id` int NOT NULL AUTO_INCREMENT,
  `season_id` int NOT NULL,
  `player_id` int NOT NULL,
  PRIMARY KEY (`id`),
  UNIQUE KEY `unique_season_player` (`season_id`,`player_id`),
  KEY `player_id` (`player_id`),
  CONSTRAINT `season_players_ibfk_1` FOREIGN KEY (`season_id`) REFERENCES `seasons` (`id`) ON DELETE CASCADE,
  CONSTRAINT `season_players_ibfk_2` FOREIGN KEY (`player_id`) REFERENCES `players` (`id`) ON DELETE CASCADE
) ENGINE=InnoDB AUTO_INCREMENT=20 DEFAULT CHARSET=utf8mb4 COLLATE=utf8mb4_general_ci;

-- Dumping data for table fullsatu_league.season_players: ~0 rows (approximately)
REPLACE INTO `season_players` (`id`, `season_id`, `player_id`) VALUES
	(17, 1, 1),
	(2, 1, 2),
	(3, 1, 3),
	(4, 1, 4),
	(5, 1, 5),
	(6, 1, 6),
	(7, 1, 7),
	(8, 1, 8),
	(9, 1, 9),
	(10, 1, 10),
	(11, 1, 11),
	(12, 1, 12),
	(14, 1, 13),
	(15, 1, 14),
	(16, 1, 15),
	(18, 1, 16),
	(19, 1, 17),
	(1, 1, 18),
	(13, 1, 19);

/*!40103 SET TIME_ZONE=IFNULL(@OLD_TIME_ZONE, 'system') */;
/*!40101 SET SQL_MODE=IFNULL(@OLD_SQL_MODE, '') */;
/*!40014 SET FOREIGN_KEY_CHECKS=IFNULL(@OLD_FOREIGN_KEY_CHECKS, 1) */;
/*!40101 SET CHARACTER_SET_CLIENT=@OLD_CHARACTER_SET_CLIENT */;
/*!40111 SET SQL_NOTES=IFNULL(@OLD_SQL_NOTES, 1) */;
